1301,(株)極洋,
1332,日本水産(株),
1334,(株)マルハニチロホールディングス,
1352,(株)ホウスイ,
1377,(株)サカタのタネ,
1379,ホクト(株),
1414,ショーボンドホールディングス(株),
1417,(株)ミライト・ホールディングス,
1514,住石ホールディングス(株),
1515,日鉄鉱業(株),
1518,三井松島産業(株),
1605,国際石油開発帝石(株),
1606,日本海洋掘削(株),
1661,関東天然瓦斯開発(株),
1662,石油資源開発(株),
1712,(株)ダイセキ環境ソリューション,
1719,ハザマ,
1720,東急建設(株),
1721,コムシスホールディングス(株),
1722,ミサワホーム(株),
1762,(株)高松コンストラクショングループ,
1766,東建コーポレーション(株),
1780,(株)ヤマウラ,
1801,大成建設(株),
1802,(株)大林組,
1803,清水建設(株),
1805,飛島建設(株),
1808,(株)長谷工コーポレーション,
1810,松井建設(株),
1812,鹿島,
1813,(株)不動テトラ,
1814,大末建設(株),
1815,鉄建,
1816,安藤建設(株),
1819,太平工業(株),
1820,西松建設(株),
1821,三井住友建設(株),
1822,大豊建設(株),
1824,前田建設工業(株),
1826,佐田建設(株),
1827,(株)ナカノフドー建設,
1833,(株)奥村組,
1834,大和小田急建設(株),
1835,東鉄工業(株),
1847,(株)イチケン,
1852,(株)淺沼組,
1860,戸田建設(株),
1861,(株)熊谷組,
1865,青木あすなろ建設(株),
1866,北野建設(株),
1867,(株)植木組,
1868,三井ホーム(株),
1870,矢作建設工業(株),
1871,(株)ピーエス三菱,
1878,大東建託(株),
1879,新日本建設(株),
1881,(株)NIPPO,
1882,東亜道路工業(株),
1883,前田道路(株),
1884,日本道路(株),
1885,東亜建設工業(株),
1888,若築建設(株),
1890,東洋建設(株),
1893,五洋建設(株),
1896,大林道路(株),
1898,世紀東急工業(株),
1899,(株)福田組,
1911,住友林業(株),
1914,日本基礎技術(株),
1916,日成ビルド工業(株),
1919,エス・バイ・エル(株),
1921,(株)巴コーポレーション,
1924,パナホーム(株),
1925,大和ハウス工業(株),
1926,ライト工業(株),
1928,積水ハウス(株),
1929,日特建設(株),
1930,北陸電気工事(株),
1934,(株)ユアテック,
1937,西部電気工業(株),
1939,(株)四電工,
1941,(株)中電工,
1942,(株)関電工,
1944,(株)きんでん,
1945,(株)東京エネシス,
1946,(株)トーエネック,
1949,住友電設(株),
1950,日本電設工業(株),
1951,(株)協和エクシオ,
1952,新日本空調(株),
1954,日本工営(株),
1956,日本電話施設(株),
1959,(株)九電工,
1961,三機工業(株),
1963,日揮(株),
1964,中外炉工業(株),
1967,(株)ヤマト,
1968,太平電業(株),
1969,高砂熱学工業(株),
1972,三晃金属工業(株),
1973,NECネッツエスアイ(株),
1975,(株)朝日工業社,
1978,アタカ大機(株),
1979,(株)大気社,
1982,日比谷総合設備(株),
1983,東芝プラントシステム(株),
2001,日本製粉(株),
2002,(株)日清製粉グループ本社,
2003,日東富士製粉(株),
2004,昭和産業(株),
2009,鳥越製粉(株),
2052,協同飼料(株),
2053,中部飼料(株),
2056,日本配合飼料(株),
2107,東洋精糖(株),
2108,日本甜菜製糖(株),
2109,三井製糖(株),
2120,(株)ネクスト,
2127,(株)日本M＆Aセンター,
2128,(株)ノバレーゼ,
2131,(株)アコーディア・ゴルフ,
2151,(株)タケエイ,
2168,(株)パソナグループ,
2170,(株)リンクアンドモチベーション,
2175,(株)エス・エム・エス,
2181,テンプホールディングス(株),
2193,クックパッド(株),
2201,森永製菓(株),
2204,(株)中村屋,
2206,江崎グリコ(株),
2207,名糖産業(株),
2211,(株)不二家,
2212,山崎製パン(株),
2215,第一屋製パン(株),
2217,モロゾフ(株),
2220,亀田製菓(株),
2229,カルビー(株),
2264,森永乳業(株),
2267,(株)ヤクルト本社,
2269,明治ホールディングス(株),
2270,雪印メグミルク(株),
2281,プリマハム(株),
2282,日本ハム(株),
2284,伊藤ハム(株),
2286,林兼産業(株),
2288,丸大食品(株),
2290,米久(株),
2292,S　FOODS(株),
2301,(株)学情,
2305,(株)スタジオアリス,
2309,シミックホールディングス(株),
2317,(株)システナ,
2322,NECフィールディング(株),
2327,新日鉄ソリューションズ(株),
2331,ALSOK,
2353,日本駐車場開発(株),
2359,(株)コア,
2371,(株)カカクコム,
2372,(株)アイロムホールディングス,
2378,(株)ルネサンス,
2395,(株)新日本科学,
2398,(株)ツクイ,
2413,エムスリー(株),
2418,(株)ベストブライダル,
2432,(株)ディー・エヌ・エー,
2433,(株)博報堂DYホールディングス,
2440,(株)ぐるなび,
2450,(株)一休,
2453,ジャパンベストレスキューシステム(株),
2462,ジェイコムホールディングス(株),
2466,PGMホールディングス(株),
2501,サッポロホールディングス(株),
2502,アサヒグループホールディングス(株),
2503,キリンホールディングス(株),
2531,宝ホールディングス(株),
2533,オエノンホールディングス(株),
2540,養命酒製造(株),
2572,三国コカ・コーラボトリング(株),
2579,コカ・コーラウエスト(株),
2580,コカ・コーラ　セントラル　ジャパン(株),
2590,ダイドードリンコ(株),
2593,(株)伊藤園,
2594,キーコーヒー(株),
2597,(株)ユニカフェ,
2599,ジャパンフーズ(株),
2602,日清オイリオグループ(株),
2607,不二製油(株),
2613,(株)J−オイルミルズ,
2651,(株)ローソン,
2657,インターニックス(株),
2659,(株)サンエー,
2660,(株)キリン堂,
2662,(株)ダイユーエイト,
2664,(株)カワチ薬品,
2670,(株)エービーシー・マート,
2674,(株)ハードオフコーポレーション,
2676,高千穂交易(株),
2678,アスクル(株),
2681,(株)ゲオホールディングス,
2685,(株)ポイント,
2687,(株)シー・ヴイ・エス・ベイエリア,
2692,伊藤忠食品(株),
2695,(株)くらコーポレーション,
2698,(株)キャンドゥ,
2715,エレマテック(株),
2726,(株)パル,
2729,(株)JALUX,
2730,(株)エディオン,
2733,(株)あらた,
2734,(株)サーラコーポレーション,
2737,(株)トーメンデバイス,
2749,(株)JPホールディングス,
2753,(株)あみやき亭,
2760,東京エレクトロン　デバイス(株),
2764,(株)ひらまつ,
2768,双日(株),
2772,ゲンキー(株),
2784,アルフレッサ　ホールディングス(株),
2791,大黒天物産(株),
2792,(株)ハニーズ,
2801,キッコーマン(株),
2802,味の素(株),
2809,キユーピー(株),
2810,ハウス食品(株),
2811,カゴメ(株),
2812,焼津水産化学工業(株),
2815,アリアケジャパン(株),
2871,(株)ニチレイ,
2874,ヨコレイ,
2875,東洋水産(株),
2897,日清食品ホールディングス(株),
2899,(株)永谷園,
2908,フジッコ(株),
2910,(株)ロック・フィールド,
2914,JT,
2915,ケンコーマヨネーズ(株),
2918,わらべや日洋(株),
2922,(株)なとり,
3001,片倉工業(株),
3002,グンゼ(株),
3003,ヒューリック(株),
3004,神栄(株),
3022,山下医科器械(株),
3023,ラサ商事(株),
3028,(株)アルペン,
3036,アルコニックス(株),
3048,(株)ビックカメラ,
3050,DCMホールディングス(株),
3064,(株)MonotaRO,
3076,あい　ホールディングス(株),
3086,J．フロント　リテイリング(株),
3087,(株)ドトール・日レスホールディングス,
3088,(株)マツモトキヨシホールディングス,
3092,(株)スタートトゥデイ,
3097,(株)物語コーポレーション,
3098,(株)ココカラファイン,
3099,(株)三越伊勢丹ホールディングス,
3101,東洋紡,
3103,ユニチカ(株),
3104,富士紡ホールディングス(株),
3105,日清紡ホールディングス(株),
3106,クラボウ,
3107,ダイワボウホールディングス(株),
3109,シキボウ(株),
3110,日東紡(株),
3116,トヨタ紡織(株),
3141,グローウェルホールディングス(株),
3148,(株)クリエイトSDホールディングス,
3151,(株)バイタルケーエスケー・ホールディングス,
3153,八洲電機(株),
3156,(株)UKCホールディングス,
3159,丸善CHIホールディングス(株),
3167,(株)TOKAIホールディングス,
3201,ニッケ,
3202,大東紡織(株),
3204,(株)トーア紡コーポレーション,
3205,(株)ダイドーリミテッド,
3225,東京建物不動産販売(株),
3228,(株)三栄建築設計,
3231,野村不動産ホールディングス(株),
3258,常和ホールディングス(株),
3302,帝国繊維(株),
3313,ブックオフコーポレーション(株),
3315,日本コークス工業(株),
3321,ミタチ産業(株),
3333,(株)あさひ,
3341,日本調剤(株),
3349,(株)コスモス薬品,
3360,シップヘルスケアホールディングス(株),
3371,(株)ソフトクリエイト,
3382,(株)セブン＆アイ・ホールディングス,
3391,(株)ツルハホールディングス,
3395,(株)サンマルクホールディングス,
3396,(株)フェリシモ,
3397,(株)トリドール,
3398,(株)クスリのアオキ,
3401,帝人(株),
3402,東レ(株),
3405,(株)クラレ,
3407,旭化成(株),
3408,サカイオーベックス(株),
3421,(株)稲葉製作所,
3431,宮地エンジニアリンググループ(株),
3432,三協・立山ホールディングス(株),
3433,トーカロ(株),
3434,(株)アルファ,
3436,(株)SUMCO,
3443,川田テクノロジーズ(株),
3501,住江織物(株),
3512,日本フエルト(株),
3513,イチカワ(株),
3514,日本バイリーン(株),
3521,エコナックホールディングス(株),
3524,日東製網(株),
3526,芦森工業(株),
3529,アツギ(株),
3551,ダイニック(株),
3553,共和レザー(株),
3569,セーレン(株),
3577,東海染工(株),
3580,小松精練(株),
3591,(株)ワコールホールディングス,
3593,(株)ホギメディカル,
3606,(株)レナウン,
3607,(株)クラウディア,
3608,(株)TSIホールディングス,
3620,(株)デジタルハーツ,
3626,ITホールディングス(株),
3627,ネオス(株),
3632,グリー(株),
3635,コーエーテクモホールディングス(株),
3636,(株)三菱総合研究所,
3639,(株)ボルテージ,
3656,KLab(株),
3659,(株)ネクソン,
3708,特種東海製紙(株),
3715,(株)ドワンゴ,
3724,(株)ベリサーブ,
3730,(株)マクロミル,
3738,(株)ティーガイア,
3769,GMOペイメントゲートウェイ(株),
3770,(株)ザッパラス,
3774,(株)インターネットイニシアティブ,
3789,ソネットエンタテインメント(株),
3817,(株)SRAホールディングス,
3834,(株)朝日ネット,
3861,王子製紙(株),
3864,三菱製紙(株),
3865,北越紀州製紙(株),
3877,中越パルプ工業(株),
3878,(株)巴川製紙所,
3880,大王製紙(株),
3893,(株)日本製紙グループ本社,
3941,レンゴー(株),
3946,(株)トーモク,
3950,ザ・パック(株),
4003,コープケミカル(株),
4004,昭和電工(株),
4005,住友化学(株),
4007,日本化成(株),
4008,住友精化(株),
4021,日産化学工業(株),
4022,ラサ工業(株),
4023,(株)クレハ,
4027,テイカ(株),
4028,石原産業(株),
4031,片倉チッカリン(株),
4041,日本曹達(株),
4042,東ソー(株),
4043,(株)トクヤマ,
4044,セントラル硝子(株),
4045,東亞合成(株),
4047,関東電化工業(株),
4061,電気化学工業(株),
4062,イビデン(株),
4063,信越化学工業(株),
4064,日本カーバイド工業(株),
4088,エア・ウォーター(株),
4091,大陽日酸(株),
4092,日本化学工業(株),
4095,日本パーカライジング(株),
4097,高圧ガス工業(株),
4098,チタン工業(株),
4099,四国化成工業(株),
4100,戸田工業(株),
4109,ステラ　ケミファ(株),
4112,保土谷化学工業(株),
4114,(株)日本触媒,
4116,大日精化工業(株),
4118,(株)カネカ,
4151,協和発酵キリン(株),
4182,三菱ガス化学(株),
4183,三井化学(株),
4185,JSR(株),
4186,東京応化工業(株),
4187,大阪有機化学工業(株),
4188,(株)三菱ケミカルホールディングス,
4201,日本合成化学工業(株),
4202,(株)ダイセル,
4203,住友ベークライト(株),
4204,積水化学工業(株),
4205,日本ゼオン(株),
4206,アイカ工業(株),
4208,宇部興産(株),
4212,積水樹脂(株),
4215,タキロン(株),
4216,旭有機材工業(株),
4217,日立化成工業(株),
4218,ニチバン(株),
4220,リケンテクノス(株),
4221,大倉工業(株),
4228,積水化成品工業(株),
4229,群栄化学工業(株),
4231,タイガースポリマー(株),
4271,日本カーリット(株),
4272,日本化薬(株),
4282,イーピーエス(株),
4283,パナソニック　インフォメーションシステムズ(株),
4295,(株)フェイス,
4301,(株)アミューズ,
4307,(株)野村総合研究所,
4310,(株)ドリームインキュベータ,
4312,サイバネットシステム(株),
4319,TAC(株),
4321,ケネディクス(株),
4324,(株)電通,
4326,(株)インテージ,
4331,(株)テイクアンドギヴ・ニーズ,
4337,ぴあ(株),
4340,(株)シンプレクス・ホールディングス,
4343,(株)イオンファンタジー,
4344,ソースネクスト(株),
4346,(株)ネクシィーズ,
4350,(株)メディカルシステムネットワーク,
4362,日本精化(株),
4401,(株)ADEKA,
4403,日油(株),
4404,ミヨシ油脂(株),
4410,ハリマ化成(株),
4452,花王(株),
4461,第一工業製薬(株),
4471,三洋化成工業(株),
4502,武田薬品工業(株),
4503,アステラス製薬(株),
4506,大日本住友製薬(株),
4507,塩野義製薬(株),
4508,田辺三菱製薬(株),
4512,わかもと製薬(株),
4514,あすか製薬(株),
4516,日本新薬(株),
4519,中外製薬(株),
4521,科研製薬(株),
4523,エーザイ(株),
4527,ロート製薬(株),
4528,小野薬品工業(株),
4530,久光製薬(株),
4531,有機合成薬品工業(株),
4534,持田製薬(株),
4536,参天製薬(株),
4538,扶桑薬品工業(株),
4539,日本ケミファ(株),
4540,(株)ツムラ,
4541,日医工(株),
4543,テルモ(株),
4544,みらかホールディングス(株),
4547,キッセイ薬品工業(株),
4548,生化学工業(株),
4549,栄研化学(株),
4550,日水製薬(株),
4551,鳥居薬品(株),
4553,東和薬品(株),
4554,富士製薬工業(株),
4555,沢井製薬(株),
4559,ゼリア新薬工業(株),
4568,第一三共(株),
4569,キョーリン製薬ホールディングス(株),
4574,大幸薬品(株),
4577,ダイト(株),
4578,大塚ホールディングス(株),
4581,大正製薬ホールディングス(株),
4611,大日本塗料(株),
4612,日本ペイント(株),
4613,関西ペイント(株),
4614,(株)トウペ,
4617,中国塗料(株),
4619,日本特殊塗料(株),
4620,藤倉化成(株),
4626,太陽ホールディングス(株),
4631,DIC(株),
4633,サカタインクス(株),
4634,東洋インキSCホールディングス(株),
4641,(株)アルプス技研,
4651,(株)サニックス,
4653,(株)ダイオーズ,
4658,日本空調サービス(株),
4661,(株)オリエンタルランド,
4665,(株)ダスキン,
4666,パーク24(株),
4668,(株)明光ネットワークジャパン,
4671,(株)ファルコSDホールディングス,
4674,(株)クレスコ,
4676,(株)フジ・メディア・ホールディングス,
4678,(株)秀英予備校,
4679,(株)田谷,
4680,(株)ラウンドワン,
4681,リゾートトラスト(株),
4684,(株)オービック,
4687,TDCソフトウェアエンジニアリング(株),
4689,ヤフー(株),
4694,(株)ビー・エム・エル,
4696,ワタベウェディング(株),
4704,トレンドマイクロ(株),
4708,(株)もしもしホットライン,
4711,(株)東急コミュニティー,
4714,(株)リソー教育,
4716,日本オラクル(株),
4719,(株)アルファシステムズ,
4722,フューチャーアーキテクト(株),
4724,(株)ウェアハウス,
4725,(株)シーエーシー,
4726,ソフトバンク・テクノロジー(株),
4728,(株)トーセ,
4732,(株)ユー・エス・エス,
4733,(株)オービックビジネスコンサルタント,
4739,伊藤忠テクノソリューションズ(株),
4743,(株)アイティフォー,
4745,(株)東京個別指導学院,
4746,(株)東計電算,
4762,(株)エックスネット,
4767,(株)テー・オー・ダブリュー,
4768,(株)大塚商会,
4775,総合メディカル(株),
4776,サイボウズ(株),
4779,ソフトブレーン(株),
4799,(株)アグレックス,
4801,セントラルスポーツ(株),
4812,ISID,
4825,(株)ウェザーニューズ,
4826,(株)CIJ,
4839,(株)WOWOW,
4848,(株)フルキャストホールディングス,
4901,富士フイルムホールディングス(株),
4902,コニカミノルタホールディングス(株),
4911,(株)資生堂,
4912,ライオン(株),
4914,高砂香料工業(株),
4917,(株)マンダム,
4919,(株)ミルボン,
4921,(株)ファンケル,
4922,(株)コーセー,
4924,(株)ドクターシーラボ,
4927,(株)ポーラ・オルビスホールディングス,
4951,エステー(株),
4956,コニシ(株),
4958,長谷川香料(株),
4963,星光PMC(株),
4967,小林製薬(株),
4968,荒川化学工業(株),
4971,メック(株),
4973,日本高純度化学(株),
4975,JCU,
4985,アース製薬(株),
4989,イハラケミカル工業(株),
4992,北興化学工業(株),
4994,大成ラミック(株),
4996,クミアイ化学工業(株),
4997,日本農薬(株),
5002,昭和シェル石油(株),
5007,コスモ石油(株),
5009,富士興産(株),
5011,ニチレキ(株),
5012,東燃ゼネラル石油(株),
5013,ユシロ化学工業(株),
5015,ビーピー・カストロール(株),
5017,AOCホールディングス(株),
5018,(株)MORESCO,
5019,出光興産(株),
5020,JXホールディングス(株),
5101,横浜ゴム(株),
5105,東洋ゴム工業(株),
5108,(株)ブリヂストン,
5110,住友ゴム工業(株),
5121,藤倉ゴム工業(株),
5122,オカモト(株),
5142,アキレス(株),
5185,(株)フコク,
5186,ニッタ(株),
5187,クリエートメディック(株),
5191,東海ゴム工業(株),
5192,三ツ星ベルト(株),
5195,バンドー化学(株),
5196,鬼怒川ゴム工業(株),
5201,旭硝子(株),
5202,日本板硝子(株),
5204,石塚硝子(株),
5208,(株)有沢製作所,
5210,日本山村硝子(株),
5214,日本電気硝子(株),
5218,(株)オハラ,
5232,住友大阪セメント(株),
5233,太平洋セメント(株),
5234,(株)デイ・シイ,
5261,リゾートソリューション(株),
5262,日本ヒューム(株),
5269,日本コンクリート工業(株),
5301,東海カーボン(株),
5302,日本カーボン(株),
5310,東洋炭素(株),
5331,(株)ノリタケカンパニーリミテド,
5332,TOTO(株),
5333,日本ガイシ(株),
5334,日本特殊陶業(株),
5337,ダントーホールディングス(株),
5344,(株)MARUWA,
5351,品川リフラクトリーズ(株),
5352,黒崎播磨(株),
5363,(株)TYK,
5367,(株)ニッカトー,
5384,(株)フジミインコーポレーテッド,
5391,(株)エーアンドエーマテリアル,
5393,ニチアス(株),
5401,新日本製鐵(株),
5405,住友金属工業(株),
5406,(株)神戸製鋼所,
5407,日新製鋼(株),
5408,(株)中山製鋼所,
5410,合同製鐵(株),
5411,ジェイ　エフ　イー　ホールディングス(株),
5423,東京製鐵(株),
5440,共英製鋼(株),
5444,大和工業(株),
5445,東京鐵鋼(株),
5449,大阪製鐵(株),
5451,(株)淀川製鋼所,
5453,東洋鋼鈑(株),
5457,住友鋼管(株),
5463,丸一鋼管(株),
5464,モリ工業(株),
5471,大同特殊鋼(株),
5476,日本高周波鋼業(株),
5479,日本金属工業(株),
5480,日本冶金工業(株),
5481,山陽特殊製鋼(株),
5482,愛知製鋼(株),
5486,日立金属(株),
5491,日本金属(株),
5541,大平洋金属(株),
5563,日本電工(株),
5602,(株)栗本鐵工所,
5612,日本鋳鉄管(株),
5631,(株)日本製鋼所,
5632,三菱製鋼(株),
5658,日亜鋼業(株),
5659,日本精線(株),
5701,日本軽金属(株),
5702,(株)大紀アルミニウム工業所,
5706,三井金属,
5707,東邦亜鉛(株),
5711,三菱マテリアル(株),
5713,住友金属鉱山(株),
5714,DOWAホールディングス(株),
5715,古河機械金属(株),
5726,(株)大阪チタニウムテクノロジーズ,
5727,東邦チタニウム(株),
5738,住友軽金属工業(株),
5741,古河スカイ(株),
5801,古河電気工業(株),
5802,住友電気工業(株),
5803,(株)フジクラ,
5805,昭和電線ホールディングス(株),
5807,東京特殊電線(株),
5809,タツタ電線(株),
5812,日立電線(株),
5815,沖電線(株),
5819,カナレ電気(株),
5821,平河ヒューテック(株),
5851,リョービ(株),
5857,アサヒホールディングス(株),
5901,東洋製罐(株),
5902,ホッカンホールディングス(株),
5909,(株)コロナ,
5911,(株)横河ブリッジホールディングス,
5912,日本橋梁(株),
5915,(株)駒井ハルテック,
5917,(株)サクラダ,
5923,高田機工(株),
5929,三和ホールディングス(株),
5930,文化シヤッター(株),
5936,東洋シヤッター(株),
5938,(株)LIXILグループ,
5942,日本フイルコン(株),
5943,(株)ノーリツ,
5946,(株)長府製作所,
5947,リンナイ(株),
5949,ユニプレス(株),
5951,ダイニチ工業(株),
5957,日東精工(株),
5958,三洋工業(株),
5959,岡部(株),
5963,日立ツール(株),
5974,中国工業(株),
5975,東プレ(株),
5976,ネツレン(株),
5981,東京製綱(株),
5988,(株)パイオラックス,
5991,ニッパツ,
5992,中央発條(株),
5998,(株)アドバネクス,
6005,三浦工業(株),
6013,(株)タクマ,
6101,(株)ツガミ,
6103,オークマ(株),
6104,東芝機械(株),
6113,(株)アマダ,
6118,アイダエンジニアリング(株),
6135,(株)牧野フライス製作所,
6136,OSG,
6138,ダイジェット工業(株),
6140,旭ダイヤモンド工業(株),
6141,(株)森精機製作所,
6146,(株)ディスコ,
6151,日東工器(株),
6201,(株)豊田自動織機,
6203,豊和工業(株),
6205,OKK,
6208,(株)石川製作所,
6210,東洋機械金属(株),
6217,津田駒工業(株),
6218,エンシュウ(株),
6222,(株)島精機製作所,
6247,(株)日阪製作所,
6250,(株)やまびこ,
6262,ペガサスミシン製造(株),
6268,ナブテスコ(株),
6269,三井海洋開発(株),
6272,レオン自動機(株),
6273,SMC(株),
6274,(株)新川,
6277,ホソカワミクロン(株),
6278,ユニオンツール(株),
6282,オイレス工業(株),
6287,サトーホールディングス(株),
6291,日本エアーテック(株),
6293,日精樹脂工業(株),
6298,ワイエイシイ(株),
6301,コマツ,
6302,住友重機械工業(株),
6305,日立建機(株),
6306,日工(株),
6309,巴工業(株),
6310,井関農機(株),
6315,TOWA(株),
6316,(株)丸山製作所,
6317,(株)北川鉄工所,
6319,(株)シンニッタン,
6326,(株)クボタ,
6328,荏原実業(株),
6330,東洋エンジニアリング(株),
6331,三菱化工機(株),
6332,月島機械(株),
6333,(株)帝国電機製作所,
6335,(株)東京機械製作所,
6339,新東工業(株),
6340,澁谷工業(株),
6345,(株)アイチコーポレーション,
6349,(株)小森コーポレーション,
6351,(株)鶴見製作所,
6355,住友精密工業(株),
6358,酒井重工業(株),
6361,荏原,
6362,(株)石井鐵工所,
6363,(株)酉島製作所,
6366,千代田化工建設(株),
6367,ダイキン工業(株),
6368,オルガノ(株),
6369,トーヨーカネツ(株),
6370,栗田工業(株),
6371,(株)椿本チエイン,
6373,大同工業(株),
6375,日本コンベヤ(株),
6376,日機装(株),
6378,木村化工機(株),
6379,新興プランテック(株),
6381,アネスト岩田(株),
6383,(株)ダイフク,
6390,(株)加藤製作所,
6393,油研工業(株),
6395,(株)タダノ,
6406,フジテック(株),
6407,CKD(株),
6409,(株)キトー,
6412,(株)平和,
6413,理想科学工業(株),
6417,(株)SANKYO,
6418,日本金銭機械(株),
6419,(株)マースエンジニアリング,
6420,福島工業(株),
6428,(株)オーイズミ,
6430,ダイコク電機(株),
6436,アマノ(株),
6440,JUKI(株),
6444,サンデン(株),
6445,蛇の目ミシン工業(株),
6448,ブラザー工業(株),
6454,マックス(株),
6455,(株)モリタホールディングス,
6457,グローリー(株),
6459,大和冷機工業(株),
6460,セガサミーホールディングス(株),
6461,日本ピストンリング(株),
6462,(株)リケン,
6463,TPR(株),
6465,ホシザキ電機(株),
6470,大豊工業(株),
6471,日本精工(株),
6472,NTN(株),
6473,(株)ジェイテクト,
6474,(株)不二越,
6479,ミネベア(株),
6480,日本トムソン(株),
6481,THK(株),
6482,(株)ユーシン精機,
6485,前澤給装工業(株),
6486,イーグル工業(株),
6489,前澤工業(株),
6490,日本ピラー工業(株),
6498,(株)キッツ,
6501,(株)日立製作所,
6502,(株)東芝,
6503,三菱電機(株),
6504,富士電機(株),
6505,東洋電機製造(株),
6506,(株)安川電機,
6507,シンフォニアテクノロジー(株),
6508,(株)明電舎,
6513,オリジン電気(株),
6517,デンヨー(株),
6581,日立工機(株),
6584,三桜工業(株),
6586,(株)マキタ,
6588,東芝テック(株),
6590,芝浦メカトロニクス(株),
6592,マブチモーター(株),
6594,日本電産(株),
6620,宮越ホールディングス(株),
6621,(株)高岳製作所,
6622,(株)ダイヘン,
6630,ヤーマン(株),
6632,(株)JVCケンウッド,
6640,第一精工(株),
6641,日新電機(株),
6644,大崎電気工業(株),
6645,オムロン(株),
6651,日東工業(株),
6652,IDEC(株),
6674,(株)ジーエス・ユアサ　コーポレーション,
6675,サクサホールディングス(株),
6676,(株)メルコホールディングス,
6678,(株)テクノメディカ,
6701,NEC,
6702,富士通(株),
6703,OKI,
6704,岩崎通信機(株),
6706,電気興業(株),
6707,サンケン電気(株),
6715,(株)ナカヨ通信機,
6718,アイホン(株),
6723,ルネサスエレクトロニクス(株),
6724,セイコーエプソン(株),
6727,(株)ワコム,
6728,(株)アルバック,
6730,(株)アクセル,
6731,(株)ピクセラ,
6737,(株)ナナオ,
6741,日本信号(株),
6742,(株)京三製作所,
6744,能美防災(株),
6745,ホーチキ(株),
6751,日本無線(株),
6752,パナソニック(株),
6753,シャープ(株),
6754,アンリツ(株),
6755,(株)富士通ゼネラル,
6756,(株)日立国際電気,
6758,ソニー(株),
6762,TDK(株),
6763,帝国通信工業(株),
6767,ミツミ電機(株),
6768,(株)タムラ製作所,
6770,アルプス電気(株),
6771,池上通信機(株),
6773,パイオニア(株),
6779,日本電波工業(株),
6788,(株)日本トリム,
6789,ローランド　ディー．ジー．(株),
6791,日本コロムビア(株),
6794,フォスター電機(株),
6796,クラリオン(株),
6798,SMK(株),
6800,(株)ヨコオ,
6801,東光(株),
6803,ティアック(株),
6804,ホシデン(株),
6806,ヒロセ電機(株),
6807,日本航空電子工業(株),
6809,TOA(株),
6815,ユニデン(株),
6816,アルパイン(株),
6817,スミダコーポレーション(株),
6820,アイコム(株),
6823,リオン(株),
6839,船井電機(株),
6841,横河電機(株),
6844,新電元工業(株),
6845,アズビル(株),
6849,日本光電,
6850,(株)チノー,
6853,(株)共和電業,
6855,日本電子材料(株),
6856,(株)堀場製作所,
6857,(株)アドバンテスト,
6858,(株)小野測器,
6859,エスペック(株),
6860,パナソニック　デバイスSUNX(株),
6861,(株)キーエンス,
6866,HIOKI(株),
6869,シスメックス(株),
6875,(株)メガチップス,
6877,OBARA　GROUP(株),
6883,日本電産コパル電子(株),
6885,ミヤチテクノス(株),
6900,東京電波(株),
6901,澤藤電機(株),
6902,(株)デンソー,
6905,コーセル(株),
6910,(株)日立メディコ,
6911,新日本無線(株),
6914,オプテックス(株),
6915,千代田インテグレ(株),
6921,東光電気(株),
6923,スタンレー電気(株),
6924,岩崎電気(株),
6925,ウシオ電機(株),
6926,岡谷電機産業(株),
6927,ヘリオス　テクノ　ホールディング(株),
6929,日本セラミック(株),
6935,(株)日本デジタル研究所,
6937,古河電池(株),
6938,双信電機(株),
6941,山一電機(株),
6947,(株)図研,
6951,日本電子(株),
6952,カシオ計算機(株),
6954,ファナック(株),
6958,日本CMK(株),
6961,(株)エンプラス,
6963,ローム(株),
6965,浜松ホトニクス(株),
6966,(株)三井ハイテック,
6967,新光電気工業(株),
6971,京セラ(株),
6973,協栄産業(株),
6976,太陽誘電(株),
6981,(株)村田製作所,
6985,(株)ユーシン,
6986,双葉電子工業(株),
6988,日東電工(株),
6989,北陸電気工業(株),
6995,(株)東海理化,
6996,ニチコン(株),
6997,日本ケミコン(株),
6999,KOA(株),
7003,三井造船(株),
7004,日立造船(株),
7007,佐世保重工業(株),
7011,三菱重工業(株),
7012,川崎重工業(株),
7013,(株)IHI,
7102,日本車輌製造(株),
7105,ニチユ(株),
7122,近畿車輛(株),
7150,(株)島根銀行,
7201,日産自動車(株),
7202,いすゞ自動車(株),
7203,トヨタ自動車(株),
7205,日野自動車(株),
7211,三菱自動車(株),
7212,(株)エフテック,
7220,武蔵精密工業(株),
7222,日産車体(株),
7224,新明和工業(株),
7226,極東開発工業(株),
7230,日信工業(株),
7231,トピー工業(株),
7236,(株)ティラド,
7238,曙ブレーキ工業(株),
7239,(株)タチエス,
7240,NOK(株),
7241,フタバ産業(株),
7242,KYB,
7243,シロキ工業(株),
7244,市光工業(株),
7245,大同メタル工業(株),
7246,プレス工業(株),
7248,カルソニックカンセイ(株),
7250,太平洋工業(株),
7251,(株)ケーヒン,
7256,河西工業(株),
7259,アイシン精機(株),
7260,富士機工(株),
7261,マツダ(株),
7262,ダイハツ工業(株),
7266,(株)今仙電機製作所,
7267,ホンダ,
7269,スズキ(株),
7270,富士重工業(株),
7272,ヤマハ発動機(株),
7274,(株)ショーワ,
7276,(株)小糸製作所,
7277,(株)TBK,
7278,(株)エクセディ,
7280,(株)ミツバ,
7282,豊田合成(株),
7283,愛三工業(株),
7294,(株)ヨロズ,
7296,(株)エフ・シー・シー,
7305,新家工業(株),
7309,(株)シマノ,
7312,タカタ(株),
7313,テイ・エス　テック(株),
7414,小野建(株),
7416,はるやま商事(株),
7420,佐鳥電機(株),
7421,カッパ・クリエイト(株),
7427,エコートレーディング(株),
7433,伯東(株),
7438,コンドーテック(株),
7442,中山福(株),
7445,(株)ライトオン,
7447,ナガイレーベン(株),
7448,(株)ジーンズメイト,
7451,三菱食品(株),
7453,(株)良品計画,
7455,(株)三城ホールディングス,
7456,松田産業(株),
7459,(株)メディパルホールディングス,
7463,(株)アドヴァン,
7466,SPK(株),
7476,アズワン(株),
7480,スズデン(株),
7481,尾家産業(株),
7482,(株)シモジマ,
7483,(株)ドウシシャ,
7494,(株)コナカ,
7504,(株)高速,
7506,(株)ハウス　オブ　ローゼ,
7508,(株)G−7ホールディングス,
7512,イオン北海道(株),
7513,(株)コジマ,
7514,(株)ヒマラヤ,
7516,コーナン商事(株),
7517,黒田電気(株),
7518,ネットワンシステムズ(株),
7520,(株)エコス,
7522,ワタミ(株),
7524,マルシェ(株),
7532,(株)ドン・キホーテ,
7537,丸文(株),
7541,(株)メガネトップ,
7545,(株)西松屋チェーン,
7550,(株)ゼンショーホールディングス,
7552,(株)ハピネット,
7554,(株)幸楽苑,
7558,(株)トーメンエレクトロニクス,
7561,(株)ハークスレイ,
7581,(株)サイゼリヤ,
7591,(株)エクセル,
7594,マルカキカイ(株),
7595,(株)アルゴグラフィックス,
7599,(株)ガリバーインターナショナル,
7600,(株)日本エム・ディ・エム,
7601,(株)ポプラ,
7606,(株)ユナイテッドアローズ,
7607,(株)進和,
7608,(株)エスケイジャパン,
7609,ダイトエレクトロン(株),
7611,(株)ハイデイ日高,
7613,シークス(株),
7615,京都きもの友禅(株),
7616,(株)コロワイド,
7619,田中商事(株),
7628,(株)オーハシテクニカ,
7630,(株)壱番屋,
7631,(株)マクニカ,
7637,白銅(株),
7640,(株)トップカルチャー,
7649,スギホールディングス(株),
7701,(株)島津製作所,
7702,(株)JMS,
7709,クボテック(株),
7714,(株)モリテックス,
7715,長野計器(株),
7717,(株)ブイ・テクノロジー,
7718,スター精密(株),
7721,東京計器(株),
7723,愛知時計電機(株),
7728,日本電産トーソク(株),
7729,(株)東京精密,
7731,(株)ニコン,
7732,(株)トプコン,
7733,オリンパス(株),
7734,理研計器(株),
7735,大日本スクリーン製造(株),
7739,キヤノン電子(株),
7740,(株)タムロン,
7741,HOYA(株),
7744,ノーリツ鋼機(株),
7745,(株)エー・アンド・デイ,
7751,キヤノン(株),
7752,(株)リコー,
7756,日本電産コパル(株),
7757,日本電産サンキョー(株),
7762,シチズンホールディングス(株),
7769,リズム時計工業(株),
7775,大研医器(株),
7817,パラマウントベッドホールディングス(株),
7819,SHO−BI(株),
7822,永大産業(株),
7825,ダンロップスポーツ(株),
7832,(株)バンダイナムコホールディングス,
7838,共立印刷(株),
7840,フランスベッドホールディングス(株),
7846,(株)パイロットコーポレーション,
7860,エイベックス・グループ・ホールディングス(株),
7862,トッパン・フォームズ(株),
7864,(株)フジシールインターナショナル,
7867,(株)タカラトミー,
7868,(株)廣済堂,
7873,(株)アーク,
7874,レック(株),
7885,タカノ(株),
7893,(株)プロネクサス,
7897,ホクシン(株),
7898,(株)ウッドワン,
7905,大建工業(株),
7908,KIMOTO,
7911,凸版印刷(株),
7912,大日本印刷(株),
7913,図書印刷(株),
7914,共同印刷(株),
7915,日本写真印刷(株),
7916,光村印刷(株),
7917,藤森工業(株),
7921,宝印刷(株),
7925,前澤化成工業(株),
7936,(株)アシックス,
7937,(株)ツツミ,
7942,(株)JSP,
7943,ニチハ(株),
7944,ローランド(株),
7947,(株)エフピコ,
7949,小松ウオール工業(株),
7951,ヤマハ(株),
7952,(株)河合楽器製作所,
7955,クリナップ(株),
7956,ピジョン(株),
7958,天馬(株),
7961,兼松日産農林(株),
7962,(株)キングジム,
7966,リンテック(株),
7968,(株)TASAKI,
7970,信越ポリマー(株),
7971,東リ(株),
7972,(株)イトーキ,
7974,任天堂(株),
7976,三菱鉛筆(株),
7979,(株)松風,
7981,タカラスタンダード(株),
7984,コクヨ(株),
7987,ナカバヤシ(株),
7988,(株)ニフコ,
7990,グローブライド(株),
7994,(株)岡村製作所,
7995,日本バルカー工業(株),
7999,MUTOHホールディングス(株),
8001,伊藤忠商事(株),
8002,丸紅(株),
8005,(株)スクロール,
8007,高島(株),
8008,(株)F＆Aアクアホールディングス,
8011,(株)三陽商会,
8012,長瀬産業(株),
8013,(株)ナイガイ,
8014,蝶理(株),
8015,豊田通商(株),
8016,(株)オンワードホールディングス,
8018,三共生興(株),
8020,兼松(株),
8022,ミズノ(株),
8025,(株)ツカモトコーポレーション,
8028,(株)ファミリーマート,
8029,(株)ルック,
8031,三井物産(株),
8032,日本紙パルプ商事(株),
8035,東京エレクトロン(株),
8036,(株)日立ハイテクノロジーズ,
8037,カメイ(株),
8038,東都水産(株),
8043,スターゼン(株),
8050,セイコーホールディングス(株),
8051,(株)山善,
8052,椿本興業(株),
8053,住友商事(株),
8056,日本ユニシス(株),
8057,(株)内田洋行,
8058,三菱商事(株),
8059,第一実業(株),
8060,キヤノンマーケティングジャパン(株),
8061,西華産業(株),
8065,佐藤商事(株),
8068,菱洋エレクトロ(株),
8070,東京産業(株),
8074,ユアサ商事(株),
8075,神鋼商事(株),
8078,阪和興業(株),
8081,(株)カナデン,
8084,菱電商事(株),
8086,ニプロ(株),
8087,フルサト工業(株),
8088,岩谷産業(株),
8089,すてきナイスグループ(株),
8090,昭光通商(株),
8091,ニチモウ(株),
8093,極東貿易(株),
8095,イワキ(株),
8096,兼松エレクトロニクス(株),
8097,三愛石油(株),
8098,稲畑産業(株),
8101,(株)GSIクレオス,
8103,明和産業(株),
8110,JFE商事(株),
8111,(株)ゴールドウイン,
8113,ユニ・チャーム(株),
8114,(株)デサント,
8127,ヤマト　インターナショナル(株),
8129,東邦ホールディングス(株),
8130,(株)サンゲツ,
8131,(株)ミツウロコグループホールディングス,
8132,シナネン(株),
8133,伊藤忠エネクス(株),
8136,(株)サンリオ,
8137,サンワテクノス(株),
8140,(株)リョーサン,
8141,新光商事(株),
8142,(株)トーホー,
8150,三信電気(株),
8151,(株)東陽テクニカ,
8153,(株)モスフードサービス,
8154,加賀電子(株),
8155,三益半導体工業(株),
8158,ソーダニッカ(株),
8159,(株)立花エレテック,
8160,(株)木曽路,
8165,(株)千趣会,
8166,(株)タカキュー,
8168,(株)ケーヨー,
8170,(株)アデランス,
8173,上新電機(株),
8174,日本瓦斯(株),
8175,(株)ベスト電器,
8178,(株)マルエツ,
8179,ロイヤルホールディングス(株),
8181,(株)東天紅,
8182,(株)いなげや,
8184,(株)島忠,
8185,(株)チヨダ,
8194,(株)ライフコーポレーション,
8196,(株)カスミ,
8200,(株)リンガーハット,
8201,(株)さが美,
8203,(株)MrMax,
8207,テンアライド(株),
8214,(株)AOKIホールディングス,
8217,(株)オークワ,
8218,(株)コメリ,
8219,青山商事(株),
8227,(株)しまむら,
8229,(株)CFSコーポレーション,
8233,(株)高島屋,
8237,(株)松屋,
8242,エイチ・ツー・オー　リテイリング(株),
8245,(株)丸栄,
8248,(株)ニッセンホールディングス,
8251,(株)パルコ,
8252,(株)丸井グループ,
8253,(株)クレディセゾン,
8255,原信ナルスホールディングス(株),
8260,(株)井筒屋,
8263,(株)ダイエー,
8266,イズミヤ(株),
8267,イオン(株),
8270,ユニー(株),
8273,(株)イズミ,
8274,(株)東武ストア,
8276,(株)平和堂,
8278,(株)フジ,
8279,(株)ヤオコー,
8281,ゼビオ(株),
8282,(株)ケーズホールディングス,
8283,(株)Paltac,
8289,(株)オリンピック,
8291,日産東京販売ホールディングス(株),
8303,(株)新生銀行,
8304,(株)あおぞら銀行,
8306,(株)三菱UFJフィナンシャル・グループ,
8308,(株)りそなホールディングス,
8309,三井住友トラスト・ホールディングス(株),
8316,(株)三井住友フィナンシャルグループ,
8324,(株)第四銀行,
8325,(株)北越銀行,
8327,(株)西日本シティ銀行,
8328,(株)札幌北洋ホールディングス,
8331,(株)千葉銀行,
8332,(株)横浜銀行,
8333,(株)常陽銀行,
8334,(株)群馬銀行,
8336,(株)武蔵野銀行,
8337,(株)千葉興業銀行,
8338,(株)筑波銀行,
8339,(株)東京都民銀行,
8341,(株)七十七銀行,
8342,(株)青森銀行,
8343,(株)秋田銀行,
8344,(株)山形銀行,
8345,(株)岩手銀行,
8346,(株)東邦銀行,
8349,(株)東北銀行,
8350,(株)みちのく銀行,
8354,(株)ふくおかフィナンシャルグループ,
8355,(株)静岡銀行,
8356,(株)十六銀行,
8358,スルガ銀行(株),
8359,(株)八十二銀行,
8360,(株)山梨中央銀行,
8361,(株)大垣共立銀行,
8362,(株)福井銀行,
8363,(株)北國銀行,
8364,(株)清水銀行,
8366,(株)滋賀銀行,
8367,(株)南都銀行,
8368,(株)百五銀行,
8369,(株)京都銀行,
8374,(株)三重銀行,
8377,(株)ほくほくフィナンシャルグループ,
8379,(株)広島銀行,
8381,(株)山陰合同銀行,
8382,(株)中国銀行,
8383,(株)鳥取銀行,
8385,(株)伊予銀行,
8386,(株)百十四銀行,
8387,(株)四国銀行,
8388,(株)阿波銀行,
8390,(株)鹿児島銀行,
8392,(株)大分銀行,
8393,(株)宮崎銀行,
8394,(株)肥後銀行,
8395,(株)佐賀銀行,
8396,(株)十八銀行,
8397,(株)沖縄銀行,
8399,(株)琉球銀行,
8409,(株)八千代銀行,
8410,(株)セブン銀行,
8411,(株)みずほフィナンシャルグループ,
8415,(株)紀陽ホールディングス,
8418,(株)山口フィナンシャルグループ,
8423,アクリーティブ(株),
8424,芙蓉総合リース(株),
8425,興銀リース(株),
8439,東京センチュリーリース(株),
8473,SBIホールディングス(株),
8511,日本証券金融(株),
8512,大証金,
8515,アイフル(株),
8518,日本アジア投資(株),
8519,ポケットカード(株),
8521,(株)長野銀行,
8522,(株)名古屋銀行,
8527,(株)愛知銀行,
8529,(株)第三銀行,
8530,(株)中京銀行,
8536,(株)東日本銀行,
8537,(株)大光銀行,
8541,(株)愛媛銀行,
8542,(株)トマト銀行,
8543,(株)みなと銀行,
8544,(株)京葉銀行,
8545,(株)関西アーバン銀行,
8550,(株)栃木銀行,
8551,(株)北日本銀行,
8558,(株)東和銀行,
8562,(株)福島銀行,
8563,(株)大東銀行,
8566,リコーリース(株),
8570,イオンクレジットサービス(株),
8572,アコム(株),
8584,(株)ジャックス,
8585,(株)オリエントコーポレーション,
8586,日立キャピタル(株),
8591,オリックス(株),
8593,三菱UFJリース(株),
8595,(株)ジャフコ,
8600,トモニホールディングス(株),
8601,(株)大和証券グループ本社,
8604,野村ホールディングス(株),
8609,(株)岡三証券グループ,
8613,丸三証券(株),
8614,東洋証券(株),
8616,東海東京フィナンシャル・ホールディングス(株),
8617,光世証券(株),
8622,水戸証券(株),
8624,いちよし証券(株),
8628,松井証券(株),
8630,NKSJホールディングス(株),
8692,(株)だいこう証券ビジネス,
8698,マネックスグループ(株),
8703,カブドットコム証券(株),
8706,極東証券(株),
8707,岩井コスモホールディングス(株),
8713,フィデアホールディングス(株),
8714,(株)池田泉州ホールディングス,
8725,MS＆ADインシュアランスグループホールディングス(株),
8729,ソニーフィナンシャルホールディングス(株),
8742,(株)小林洋行,
8750,第一生命保険(株),
8766,東京海上ホールディングス(株),
8772,(株)アサックス,
8793,NECキャピタルソリューション(株),
8795,(株)T＆Dホールディングス,
8801,三井不動産(株),
8802,三菱地所(株),
8803,平和不動産(株),
8804,東京建物(株),
8806,ダイビル(株),
8815,東急不動産(株),
8818,京阪神ビルディング(株),
8830,住友不動産(株),
8833,東宝不動産(株),
8835,太平洋興発(株),
8840,(株)大京,
8841,(株)テーオーシー,
8842,(株)東京楽天地,
8848,(株)レオパレス21,
8860,フジ住宅(株),
8864,空港施設(株),
8869,明和地所(株),
8870,住友不動産販売(株),
8871,(株)ゴールドクレスト,
8875,(株)東栄住宅,
8876,(株)リロ・ホールディング,
8877,日本エスリード(株),
8879,東急リバブル(株),
8880,(株)飯田産業,
8881,日神不動産(株),
8895,(株)アーネストワン,
8897,(株)タカラレーベン,
8904,(株)サンヨーハウジング名古屋,
8905,イオンモール(株),
8907,(株)フージャースコーポレーション,
8915,タクトホーム(株),
8918,(株)ランド,
8923,トーセイ(株),
8933,NTT都市開発(株),
8934,サンフロンティア不動産(株),
8944,(株)ランドビジネス,
8999,グランディハウス(株),
9001,東武鉄道(株),
9003,相鉄ホールディングス(株),
9005,東京急行電鉄(株),
9006,京浜急行電鉄(株),
9007,小田急電鉄(株),
9008,京王電鉄(株),
9009,京成電鉄(株),
9010,富士急行(株),
9014,新京成電鉄(株),
9020,東日本旅客鉄道(株),
9021,西日本旅客鉄道(株),
9022,東海旅客鉄道(株),
9031,西日本鉄道(株),
9037,(株)ハマキョウレックス,
9041,近畿日本鉄道(株),
9042,阪急阪神ホールディングス(株),
9044,南海電気鉄道(株),
9045,京阪電気鉄道(株),
9047,名糖運輸(株),
9048,名古屋鉄道(株),
9062,日本通運(株),
9064,ヤマトホールディングス(株),
9065,山九(株),
9066,(株)日新,
9067,(株)丸運,
9068,丸全昭和運輸(株),
9069,センコー(株),
9070,トナミホールディングス(株),
9072,日本梱包運輸倉庫(株),
9074,日本石油輸送(株),
9075,福山通運(株),
9076,セイノーホールディングス(株),
9081,神奈川中央交通(株),
9086,(株)日立物流,
9101,日本郵船(株),
9104,(株)商船三井,
9107,川崎汽船(株),
9110,NSユナイテッド海運(株),
9113,乾汽船(株),
9115,明治海運(株),
9119,飯野海運(株),
9130,共栄タンカー(株),
9132,第一中央汽船(株),
9202,全日本空輸(株),
9232,(株)パスコ,
9301,三菱倉庫(株),
9302,三井倉庫(株),
9303,(株)住友倉庫,
9304,澁澤倉庫(株),
9305,(株)ヤマタネ,
9306,東陽倉庫(株),
9310,日本トランスシティ(株),
9312,ケイヒン(株),
9324,安田倉庫(株),
9351,東洋埠頭(株),
9358,(株)宇徳,
9364,(株)上組,
9366,(株)サンリツ,
9368,キムラユニティー(株),
9369,(株)キユーソー流通システム,
9370,郵船ロジスティクス(株),
9375,(株)近鉄エクスプレス,
9380,東海運(株),
9381,(株)エーアイテイー,
9401,TBSホールディングス,
9404,日本テレビ放送網(株),
9409,(株)テレビ朝日,
9412,(株)スカパーJSATホールディングス,
9413,(株)テレビ東京ホールディングス,
9422,アイ・ティー・シーネットワーク(株),
9427,イー・アクセス(株),
9430,NECモバイリング(株),
9432,日本電信電話(株),
9433,KDDI(株),
9435,(株)光通信,
9437,(株)NTTドコモ,
9449,GMOインターネット(株),
9470,(株)学研ホールディングス,
9474,(株)ゼンリン,
9475,(株)昭文社,
9477,(株)角川グループホールディングス,
9479,(株)インプレスホールディングス,
9501,東京電力(株),
9502,中部電力(株),
9503,関西電力(株),
9504,中国電力(株),
9505,北陸電力(株),
9506,東北電力(株),
9507,四国電力(株),
9508,九州電力(株),
9509,北海道電力(株),
9511,沖縄電力(株),
9513,J−POWER,
9531,東京ガス(株),
9532,大阪ガス(株),
9533,東邦ガス(株),
9534,北海道ガス(株),
9536,西部ガス(株),
9543,静岡ガス(株),
9600,(株)アイネット,
9601,松竹(株),
9602,東宝(株),
9603,(株)エイチ・アイ・エス,
9605,東映(株),
9607,(株)AOI　Pro．,
9613,(株)NTTデータ,
9616,(株)共立メンテナンス,
9619,(株)イチネンホールディングス,
9621,(株)建設技術研究所,
9627,(株)アインファーマシーズ,
9632,スバル興業(株),
9633,東京テアトル(株),
9671,(株)よみうりランド,
9672,東京都競馬(株),
9675,常磐興産(株),
9678,(株)カナモト,
9681,(株)東京ドーム,
9682,(株)DTS,
9684,(株)スクウェア・エニックス・ホールディングス,
9692,(株)シーイーシー,
9697,(株)カプコン,
9704,(株)アゴーラ・ホスピタリティー・グループ,
9706,日本空港ビルデング(株),
9715,トランスコスモス(株),
9716,(株)乃村工藝社,
9717,(株)ジャステック,
9719,SCSK(株),
9722,藤田観光(株),
9726,KNT,
9728,日本管財(株),
9729,(株)トーカイ,
9731,(株)白洋舍,
9735,セコム(株),
9739,NSW,
9740,CSP,
9742,(株)アイネス,
9743,(株)丹青社,
9744,(株)メイテック,
9746,(株)TKC,
9747,(株)アサツー　ディ・ケイ,
9749,富士ソフト(株),
9755,応用地質(株),
9757,(株)船井総合研究所,
9759,(株)NSD,
9760,(株)進学会,
9763,丸紅建材リース(株),
9766,コナミ(株),
9783,(株)ベネッセホールディングス,
9787,イオンディライト(株),
9788,(株)ナック,
9790,福井コンピュータホールディングス(株),
9792,(株)ニチイ学館,
9793,(株)ダイセキ,
9810,日鐵商事(株),
9828,元気寿司(株),
9830,トラスコ中山(株),
9831,(株)ヤマダ電機,
9832,(株)オートバックスセブン,
9842,アークランドサカモト(株),
9843,(株)ニトリホールディングス,
9850,(株)グルメ杵屋,
9854,愛眼(株),
9861,(株)吉野家ホールディングス,
9869,加藤産業(株),
9880,イノテック(株),
9882,(株)イエローハット,
9883,富士エレクトロニクス(株),
9887,(株)松屋フーズ,
9889,JBCCホールディングス(株),
9896,JKホールディングス(株),
9900,(株)サガミチェーン,
9902,(株)日伝,
9930,北沢産業(株),
9932,杉本商事(株),
9934,因幡電機産業(株),
9938,住金物産(株),
9945,(株)プレナス,
9946,ミニストップ(株),
9948,(株)アークス,
9956,(株)バロー,
9962,(株)ミスミグループ本社,
9963,江守商事(株),
9972,アルテック(株),
9974,(株)ベルク,
9979,(株)大庄,
9982,タキヒヨー(株),
9983,(株)ファーストリテイリング,
9984,ソフトバンク(株),
9987,(株)スズケン,
9989,(株)サンドラッグ,
9990,(株)東京デリカ,
9991,ジェコス(株),
9993,(株)ヤマザワ,
9994,(株)やまや,
9997,(株)ベルーナ,
